节点,荷载工况,FX,FY,FZ,MX,MY,MZ,组
2,自重,0,0,-304.98,0,0,0,端隔板
23,自重,0,0,-1659.45,0,0,0,0#隔板
39,自重,0,0,-147.03,0,0,0,跨中隔板
55,自重,0,0,-1659.45,0,0,0,0#隔板
76,自重,0,0,-304.98,0,0,0,端隔板
6,施工阶段荷载,0,0,-556.64,0,0,0,边跨吊架
6,施工阶段荷载,0,0,-329.94,0,0,0,边跨压重
8,施工阶段荷载,0,0,-1113.29,0,0,0,挂篮12
8,施工阶段荷载,0,0,-329.94,0,0,0,边跨压重
8,施工阶段荷载,0,0,-556.64,0,0,0,边跨吊架
9,施工阶段荷载,0,0,-1330.11,0,-2660.22,0,混凝土湿重12
9,施工阶段荷载,0,0,-1113.29,0,0,0,挂篮11
10,施工阶段荷载,0,0,-1113.29,0,0,0,挂篮10
10,施工阶段荷载,0,0,-1358.99,0,-2717.98,0,混凝土湿重11
11,施工阶段荷载,0,0,-1404.63,0,-2809.27,0,混凝土湿重10
11,施工阶段荷载,0,0,-1113.29,0,0,0,挂篮9
12,施工阶段荷载,0,0,-1113.29,0,0,0,挂篮8
12,施工阶段荷载,0,0,-1467.9,0,-2935.8,0,混凝土湿重9
13,施工阶段荷载,0,0,-1113.29,0,0,0,挂篮7
13,施工阶段荷载,0,0,-1549.61,0,-3099.22,0,混凝土湿重8
14,施工阶段荷载,0,0,-1650.63,0,-3301.25,0,混凝土湿重7
14,施工阶段荷载,0,0,-1113.29,0,0,0,挂篮6
15,施工阶段荷载,0,0,-1542.61,0,-2699.57,0,混凝土湿重6
15,施工阶段荷载,0,0,-1113.29,0,0,0,挂篮5
16,施工阶段荷载,0,0,-1649.38,0,-2886.41,0,混凝土湿重5
16,施工阶段荷载,0,0,-1113.29,0,0,0,挂篮4
17,施工阶段荷载,0,0,-1113.29,0,0,0,挂篮3
17,施工阶段荷载,0,0,-1770.66,0,-3098.66,0,混凝土湿重4
18,施工阶段荷载,0,0,-1113.29,0,0,0,挂篮2
18,施工阶段荷载,0,0,-1906.95,0,-3337.17,0,混凝土湿重3
19,施工阶段荷载,0,0,-1113.29,0,0,0,挂篮1
19,施工阶段荷载,0,0,-2058.76,0,-3602.84,0,混凝土湿重2
20,施工阶段荷载,0,0,-1113.29,0,0,0,挂篮0
20,施工阶段荷载,0,0,-2226.58,0,-3896.51,0,混凝土湿重1
26,施工阶段荷载,0,0,-2226.58,0,3896.51,0,混凝土湿重1
26,施工阶段荷载,0,0,-1113.29,0,0,0,挂篮0
27,施工阶段荷载,0,0,-1113.29,0,0,0,挂篮1
27,施工阶段荷载,0,0,-2058.76,0,3602.84,0,混凝土湿重2
28,施工阶段荷载,0,0,-1113.29,0,0,0,挂篮2
28,施工阶段荷载,0,0,-1906.95,0,3337.17,0,混凝土湿重3
29,施工阶段荷载,0,0,-1113.29,0,0,0,挂篮3
29,施工阶段荷载,0,0,-1770.66,0,3098.66,0,混凝土湿重4
30,施工阶段荷载,0,0,-1113.29,0,0,0,挂篮4
30,施工阶段荷载,0,0,-1649.38,0,2886.41,0,混凝土湿重5
31,施工阶段荷载,0,0,-1542.61,0,2699.57,0,混凝土湿重6
31,施工阶段荷载,0,0,-1113.29,0,0,0,挂篮5
32,施工阶段荷载,0,0,-1650.63,0,3301.25,0,混凝土湿重7
32,施工阶段荷载,0,0,-1113.29,0,0,0,挂篮6
33,施工阶段荷载,0,0,-1549.61,0,3099.22,0,混凝土湿重8
33,施工阶段荷载,0,0,-1113.29,0,0,0,挂篮7
34,施工阶段荷载,0,0,-1113.29,0,0,0,挂篮8
34,施工阶段荷载,0,0,-1467.9,0,2935.8,0,混凝土湿重9
35,施工阶段荷载,0,0,-1113.29,0,0,0,挂篮9
35,施工阶段荷载,0,0,-1404.63,0,2809.27,0,混凝土湿重10
36,施工阶段荷载,0,0,-1113.29,0,0,0,挂篮10
36,施工阶段荷载,0,0,-1358.99,0,2717.98,0,混凝土湿重11
37,施工阶段荷载,0,0,-1113.29,0,0,0,挂篮11
37,施工阶段荷载,0,0,-1330.11,0,2660.22,0,混凝土湿重12
38,施工阶段荷载,0,0,-329.94,0,0,0,边跨压重
38,施工阶段荷载,0,0,-1113.29,0,0,0,挂篮12
38,施工阶段荷载,0,0,-403.45,0,0,0,中跨压重
38,施工阶段荷载,0,0,-556.64,0,0,0,中跨吊架
40,施工阶段荷载,0,0,-1113.29,0,0,0,挂篮12
40,施工阶段荷载,0,0,-556.64,0,0,0,中跨吊架
40,施工阶段荷载,0,0,-403.45,0,0,0,中跨压重
40,施工阶段荷载,0,0,-329.94,0,0,0,边跨压重
41,施工阶段荷载,0,0,-1113.29,0,0,0,挂篮11
41,施工阶段荷载,0,0,-1330.11,0,-2660.22,0,混凝土湿重12
42,施工阶段荷载,0,0,-1113.29,0,0,0,挂篮10
42,施工阶段荷载,0,0,-1358.99,0,-2717.98,0,混凝土湿重11
43,施工阶段荷载,0,0,-1404.63,0,-2809.27,0,混凝土湿重10
43,施工阶段荷载,0,0,-1113.29,0,0,0,挂篮9
44,施工阶段荷载,0,0,-1113.29,0,0,0,挂篮8
44,施工阶段荷载,0,0,-1467.9,0,-2935.8,0,混凝土湿重9
45,施工阶段荷载,0,0,-1549.61,0,-3099.22,0,混凝土湿重8
45,施工阶段荷载,0,0,-1113.29,0,0,0,挂篮7
46,施工阶段荷载,0,0,-1650.63,0,-3301.25,0,混凝土湿重7
46,施工阶段荷载,0,0,-1113.29,0,0,0,挂篮6
47,施工阶段荷载,0,0,-1113.29,0,0,0,挂篮5
47,施工阶段荷载,0,0,-1542.61,0,-2699.57,0,混凝土湿重6
48,施工阶段荷载,0,0,-1113.29,0,0,0,挂篮4
48,施工阶段荷载,0,0,-1649.38,0,-2886.41,0,混凝土湿重5
49,施工阶段荷载,0,0,-1770.66,0,-3098.66,0,混凝土湿重4
49,施工阶段荷载,0,0,-1113.29,0,0,0,挂篮3
50,施工阶段荷载,0,0,-1113.29,0,0,0,挂篮2
50,施工阶段荷载,0,0,-1906.95,0,-3337.17,0,混凝土湿重3
51,施工阶段荷载,0,0,-1113.29,0,0,0,挂篮1
51,施工阶段荷载,0,0,-2058.76,0,-3602.84,0,混凝土湿重2
52,施工阶段荷载,0,0,-1113.29,0,0,0,挂篮0
52,施工阶段荷载,0,0,-2226.58,0,-3896.51,0,混凝土湿重1
58,施工阶段荷载,0,0,-2226.58,0,3896.51,0,混凝土湿重1
58,施工阶段荷载,0,0,-1113.29,0,0,0,挂篮0
59,施工阶段荷载,0,0,-2058.76,0,3602.84,0,混凝土湿重2
59,施工阶段荷载,0,0,-1113.29,0,0,0,挂篮1
60,施工阶段荷载,0,0,-1906.95,0,3337.17,0,混凝土湿重3
60,施工阶段荷载,0,0,-1113.29,0,0,0,挂篮2
61,施工阶段荷载,0,0,-1770.66,0,3098.66,0,混凝土湿重4
61,施工阶段荷载,0,0,-1113.29,0,0,0,挂篮3
62,施工阶段荷载,0,0,-1113.29,0,0,0,挂篮4
62,施工阶段荷载,0,0,-1649.38,0,2886.41,0,混凝土湿重5
63,施工阶段荷载,0,0,-1113.29,0,0,0,挂篮5
63,施工阶段荷载,0,0,-1542.61,0,2699.57,0,混凝土湿重6
64,施工阶段荷载,0,0,-1113.29,0,0,0,挂篮6
64,施工阶段荷载,0,0,-1650.63,0,3301.25,0,混凝土湿重7
65,施工阶段荷载,0,0,-1549.61,0,3099.22,0,混凝土湿重8
65,施工阶段荷载,0,0,-1113.29,0,0,0,挂篮7
66,施工阶段荷载,0,0,-1113.29,0,0,0,挂篮8
66,施工阶段荷载,0,0,-1467.9,0,2935.8,0,混凝土湿重9
67,施工阶段荷载,0,0,-1113.29,0,0,0,挂篮9
67,施工阶段荷载,0,0,-1404.63,0,2809.27,0,混凝土湿重10
68,施工阶段荷载,0,0,-1113.29,0,0,0,挂篮10
68,施工阶段荷载,0,0,-1358.99,0,2717.98,0,混凝土湿重11
69,施工阶段荷载,0,0,-1113.29,0,0,0,挂篮11
69,施工阶段荷载,0,0,-1330.11,0,2660.22,0,混凝土湿重12
70,施工阶段荷载,0,0,-1113.29,0,0,0,挂篮12
70,施工阶段荷载,0,0,-556.64,0,0,0,边跨吊架
70,施工阶段荷载,0,0,-329.94,0,0,0,边跨压重
72,施工阶段荷载,0,0,-329.94,0,0,0,边跨压重
72,施工阶段荷载,0,0,-556.64,0,0,0,边跨吊架
